instance,domain,agents,bays,candidates,items,placement,goal,atoms,worlds,designated,ground_actions,heuristic,strategy,depth,expanded,generated,leaves,branches,ground_s,plan_s,status
directed-a2-b3-u2-depot-nested,directed,2,3,2,,depot,nested,20,2,2,17,knowledge-spread,AO*,3,37,46,2,4,0.019,0.002,solved
directed-a2-b3-u2-spread-nested,directed,2,3,2,,spread,nested,20,2,2,17,knowledge-spread,AO*,3,48,61,2,4,0.019,0.002,solved
directed-a2-b4-u2-depot-nested,directed,2,4,2,,depot,nested,30,2,2,24,knowledge-spread,AO*,4,88,98,2,5,0.022,0.002,solved
directed-a2-b4-u2-spread-nested,directed,2,4,2,,spread,nested,30,2,2,24,knowledge-spread,AO*,4,123,138,2,5,0.022,0.002,solved
directed-a2-b4-u3-depot-nested,directed,2,4,3,,depot,nested,30,3,3,24,knowledge-spread,AO*,5,414,474,3,7,0.022,0.004,solved
directed-a2-b4-u3-spread-nested,directed,2,4,3,,spread,nested,30,3,3,24,knowledge-spread,AO*,5,590,678,3,7,0.022,0.005,solved
directed-a2-b5-u2-depot-nested,directed,2,5,2,,depot,nested,42,2,2,31,knowledge-spread,AO*,5,245,256,2,6,0.026,0.003,solved
directed-a2-b5-u2-spread-nested,directed,2,5,2,,spread,nested,42,2,2,31,knowledge-spread,AO*,5,358,375,2,6,0.027,0.004,solved
directed-a2-b5-u3-depot-nested,directed,2,5,3,,depot,nested,42,3,3,31,knowledge-spread,AO*,6,912,987,3,8,0.032,0.006,solved
directed-a2-b5-u3-spread-nested,directed,2,5,3,,spread,nested,42,3,3,31,knowledge-spread,AO*,6,1347,1462,3,8,0.034,0.009,solved
directed-a3-b3-u2-depot-nested,directed,3,3,2,,depot,nested,24,2,2,33,knowledge-spread,AO*,3,56,71,2,4,0.026,0.002,solved
directed-a3-b3-u2-depot-private,directed,3,3,2,,depot,private,24,2,2,33,knowledge-spread,AO*,3,56,71,2,4,0.027,0.003,solved
directed-a3-b3-u2-spread-nested,directed,3,3,2,,spread,nested,24,2,2,33,knowledge-spread,AO*,3,71,90,2,4,0.029,0.003,solved
directed-a3-b3-u2-spread-private,directed,3,3,2,,spread,private,24,2,2,33,knowledge-spread,AO*,3,71,90,2,4,0.029,0.003,solved
directed-a3-b4-u2-depot-nested,directed,3,4,2,,depot,nested,35,2,2,46,knowledge-spread,AO*,4,163,180,2,5,0.037,0.003,solved
directed-a3-b4-u2-depot-private,directed,3,4,2,,depot,private,35,2,2,46,knowledge-spread,AO*,4,163,180,2,5,0.037,0.004,solved
directed-a3-b4-u2-spread-nested,directed,3,4,2,,spread,nested,35,2,2,46,knowledge-spread,AO*,4,305,332,2,5,0.039,0.004,solved
directed-a3-b4-u2-spread-private,directed,3,4,2,,spread,private,35,2,2,46,knowledge-spread,AO*,4,305,332,2,5,0.041,0.004,solved
directed-a3-b4-u3-depot-nested,directed,3,4,3,,depot,nested,35,3,3,46,knowledge-spread,AO*,5,1158,1306,3,7,0.054,0.008,solved
directed-a3-b4-u3-depot-private,directed,3,4,3,,depot,private,35,3,3,46,knowledge-spread,AO*,5,1158,1306,3,7,0.055,0.011,solved
directed-a3-b4-u3-spread-nested,directed,3,4,3,,spread,nested,35,3,3,46,knowledge-spread,AO*,5,2417,2707,3,7,0.048,0.013,solved
directed-a3-b4-u3-spread-private,directed,3,4,3,,spread,private,35,3,3,46,knowledge-spread,AO*,5,2417,2707,3,7,0.048,0.014,solved
directed-a3-b5-u2-depot-nested,directed,3,5,2,,depot,nested,48,2,2,59,knowledge-spread,AO*,5,630,649,2,6,0.105,0.005,solved
directed-a3-b5-u2-depot-private,directed,3,5,2,,depot,private,48,2,2,59,knowledge-spread,AO*,5,630,649,2,6,0.105,0.005,solved
directed-a3-b5-u2-spread-nested,directed,3,5,2,,spread,nested,48,2,2,59,knowledge-spread,AO*,5,1434,1465,2,6,0.117,0.009,solved
directed-a3-b5-u2-spread-private,directed,3,5,2,,spread,private,48,2,2,59,knowledge-spread,AO*,5,1434,1465,2,6,0.107,0.008,solved
directed-a3-b5-u3-depot-nested,directed,3,5,3,,depot,nested,48,3,3,59,knowledge-spread,AO*,6,3274,3456,3,8,0.168,0.018,solved
directed-a3-b5-u3-depot-private,directed,3,5,3,,depot,private,48,3,3,59,knowledge-spread,AO*,6,3274,3456,3,8,0.179,0.019,solved
directed-a3-b5-u3-spread-nested,directed,3,5,3,,spread,nested,48,3,3,59,knowledge-spread,AO*,6,8059,8449,3,8,0.192,0.038,solved
directed-a3-b5-u3-spread-private,directed,3,5,3,,spread,private,48,3,3,59,knowledge-spread,AO*,6,8059,8449,3,8,0.171,0.045,solved
directed-a4-b3-u2-depot-nested,directed,4,3,2,,depot,nested,28,2,2,55,knowledge-spread,AO*,3,79,100,2,4,0.038,0.003,solved
directed-a4-b3-u2-depot-private,directed,4,3,2,,depot,private,28,2,2,55,knowledge-spread,AO*,3,79,100,2,4,0.041,0.010,solved
directed-a4-b3-u2-spread-nested,directed,4,3,2,,spread,nested,28,2,2,55,knowledge-spread,AO*,3,98,123,2,4,0.039,0.003,solved
directed-a4-b3-u2-spread-private,directed,4,3,2,,spread,private,28,2,2,55,knowledge-spread,AO*,3,98,123,2,4,0.038,0.003,solved
directed-a4-b4-u2-depot-nested,directed,4,4,2,,depot,nested,40,2,2,76,knowledge-spread,AO*,4,272,296,2,5,0.116,0.004,solved
directed-a4-b4-u2-depot-private,directed,4,4,2,,depot,private,40,2,2,76,knowledge-spread,AO*,4,272,296,2,5,0.121,0.005,solved
directed-a4-b4-u2-spread-nested,directed,4,4,2,,spread,nested,40,2,2,76,knowledge-spread,AO*,4,482,516,2,5,0.123,0.005,solved
directed-a4-b4-u2-spread-private,directed,4,4,2,,spread,private,40,2,2,76,knowledge-spread,AO*,4,482,516,2,5,0.113,0.005,solved
directed-a4-b4-u3-depot-nested,directed,4,4,3,,depot,nested,40,3,3,76,knowledge-spread,AO*,5,2581,2869,3,7,0.189,0.015,solved
directed-a4-b4-u3-depot-private,directed,4,4,3,,depot,private,40,3,3,76,knowledge-spread,AO*,5,2581,2869,3,7,0.191,0.016,solved
directed-a4-b4-u3-spread-nested,directed,4,4,3,,spread,nested,40,3,3,76,knowledge-spread,AO*,5,5146,5670,3,7,0.187,0.027,solved
directed-a4-b4-u3-spread-private,directed,4,4,3,,spread,private,40,3,3,76,knowledge-spread,AO*,5,5146,5670,3,7,0.191,0.032,solved
directed-a4-b5-u2-depot-nested,directed,4,5,2,,depot,nested,54,2,2,97,knowledge-spread,AO*,5,1349,1376,2,6,1.227,0.009,solved
directed-a4-b5-u2-depot-private,directed,4,5,2,,depot,private,54,2,2,97,knowledge-spread,AO*,5,1349,1376,2,6,1.187,0.010,solved
directed-a4-b5-u2-spread-nested,directed,4,5,2,,spread,nested,54,2,2,97,knowledge-spread,AO*,5,4018,4063,2,6,1.166,0.019,solved
directed-a4-b5-u2-spread-private,directed,4,5,2,,spread,private,54,2,2,97,knowledge-spread,AO*,5,4018,4063,2,6,1.206,0.024,solved
directed-a4-b5-u3-depot-nested,directed,4,5,3,,depot,nested,54,3,3,97,knowledge-spread,AO*,6,8837,9184,3,8,2.357,0.054,solved
directed-a4-b5-u3-depot-private,directed,4,5,3,,depot,private,54,3,3,97,knowledge-spread,AO*,6,8837,9184,3,8,2.441,0.049,solved
directed-a4-b5-u3-spread-nested,directed,4,5,3,,spread,nested,54,3,3,97,knowledge-spread,AO*,6,29827,30713,3,8,2.441,0.157,solved
directed-a4-b5-u3-spread-private,directed,4,5,3,,spread,private,54,3,3,97,knowledge-spread,AO*,6,29827,30713,3,8,2.418,0.154,solved
facility-a2-b4-i1-depot-ck,facility,2,4,,1,depot,ck,36,2,2,30,knowledge-spread,AO*,5,150,160,2,6,0.025,0.003,solved
facility-a2-b4-i2-depot-ck,facility,2,4,,2,depot,ck,40,4,4,42,knowledge-spread,AO*,6,1613,1748,4,11,0.039,0.010,solved
facility-a2-b5-i1-depot-ck,facility,2,5,,1,depot,ck,49,2,2,39,knowledge-spread,AO*,7,1605,1623,2,8,0.034,0.010,solved
facility-a2-b5-i2-depot-ck,facility,2,5,,2,depot,ck,54,4,4,54,knowledge-spread,AO*,8,19403,20306,4,13,0.059,0.118,solved
facility-a2-b6-i1-depot-ck,facility,2,6,,1,depot,ck,64,2,2,48,knowledge-spread,AO*,8,4409,4429,2,9,0.057,0.024,solved
facility-a3-b4-i1-depot-ck,facility,3,4,,1,depot,ck,42,2,2,40,knowledge-spread,AO*,5,275,290,2,6,0.038,0.004,solved
facility-a3-b4-i2-depot-ck,facility,3,4,,2,depot,ck,46,4,4,56,knowledge-spread,AO*,6,3533,3782,4,11,0.088,0.026,solved
facility-a3-b5-i1-depot-ck,facility,3,5,,1,depot,ck,56,2,2,52,knowledge-spread,AO*,7,6593,6619,2,8,0.133,0.035,solved
facility-a3-b5-i2-depot-ck,facility,3,5,,2,depot,ck,61,4,4,72,knowledge-spread,AO*,8,93247,96902,4,13,0.456,0.677,solved
facility-a3-b6-i1-depot-ck,facility,3,6,,1,depot,ck,72,2,2,64,knowledge-spread,AO*,8,27242,27271,2,9,0.863,0.173,solved
public-a2-b3-u2-depot-ck,public,2,3,2,,depot,ck,18,2,2,20,knowledge-spread,AO*,3,48,63,2,4,0.023,0.003,solved
public-a2-b3-u2-depot-nested,public,2,3,2,,depot,nested,18,2,2,20,knowledge-spread,AO*,3,48,63,2,4,0.025,0.003,solved
public-a2-b3-u2-spread-ck,public,2,3,2,,spread,ck,18,2,2,20,knowledge-spread,AO*,2,35,47,2,3,0.023,0.003,solved
public-a2-b3-u2-spread-nested,public,2,3,2,,spread,nested,18,2,2,20,knowledge-spread,AO*,2,35,47,2,3,0.022,0.003,solved
public-a2-b4-u2-depot-ck,public,2,4,2,,depot,ck,28,2,2,28,knowledge-spread,AO*,4,143,159,2,5,0.028,0.003,solved
public-a2-b4-u2-depot-nested,public,2,4,2,,depot,nested,28,2,2,28,knowledge-spread,AO*,4,143,159,2,5,0.029,0.003,solved
public-a2-b4-u2-spread-ck,public,2,4,2,,spread,ck,28,2,2,28,knowledge-spread,AO*,3,117,131,2,4,0.029,0.003,solved
public-a2-b4-u2-spread-nested,public,2,4,2,,spread,nested,28,2,2,28,knowledge-spread,AO*,3,117,131,2,4,0.027,0.003,solved
public-a2-b4-u3-depot-ck,public,2,4,3,,depot,ck,28,3,3,28,knowledge-spread,AO*,5,836,1016,3,7,0.030,0.008,solved
public-a2-b4-u3-depot-nested,public,2,4,3,,depot,nested,28,3,3,28,knowledge-spread,AO*,5,836,1016,3,7,0.028,0.008,solved
public-a2-b4-u3-spread-ck,public,2,4,3,,spread,ck,28,3,3,28,knowledge-spread,AO*,4,713,866,3,6,0.029,0.007,solved
public-a2-b4-u3-spread-nested,public,2,4,3,,spread,nested,28,3,3,28,knowledge-spread,AO*,4,713,866,3,6,0.030,0.008,solved
public-a2-b5-u2-depot-ck,public,2,5,2,,depot,ck,40,2,2,36,knowledge-spread,AO*,5,502,520,2,6,0.034,0.005,solved
public-a2-b5-u2-depot-nested,public,2,5,2,,depot,nested,40,2,2,36,knowledge-spread,AO*,5,502,520,2,6,0.035,0.005,solved
public-a2-b5-u2-spread-ck,public,2,5,2,,spread,ck,40,2,2,36,knowledge-spread,AO*,4,472,488,2,5,0.036,0.006,solved
public-a2-b5-u2-spread-nested,public,2,5,2,,spread,nested,40,2,2,36,knowledge-spread,AO*,4,472,488,2,5,0.035,0.005,solved
public-a2-b5-u3-depot-ck,public,2,5,3,,depot,ck,40,3,3,36,knowledge-spread,AO*,6,2184,2416,3,8,0.041,0.016,solved
public-a2-b5-u3-depot-nested,public,2,5,3,,depot,nested,40,3,3,36,knowledge-spread,AO*,6,2184,2416,3,8,0.040,0.013,solved
public-a2-b5-u3-spread-ck,public,2,5,3,,spread,ck,40,3,3,36,knowledge-spread,AO*,5,2170,2409,3,7,0.044,0.017,solved
public-a2-b5-u3-spread-nested,public,2,5,3,,spread,nested,40,3,3,36,knowledge-spread,AO*,5,2170,2409,3,7,0.041,0.015,solved
public-a2-b6-u4-depot-ck,public,2,6,4,,depot,ck,54,4,4,44,knowledge-spread,AO*,8,32237,35265,4,11,0.123,0.259,solved
public-a2-b6-u4-depot-nested,public,2,6,4,,depot,nested,54,4,4,44,knowledge-spread,AO*,8,32237,35265,4,11,0.106,0.226,solved
public-a2-b6-u4-spread-ck,public,2,6,4,,spread,ck,54,4,4,44,knowledge-spread,AO*,7,33600,36770,4,10,0.104,0.257,solved
public-a2-b6-u4-spread-nested,public,2,6,4,,spread,nested,54,4,4,44,knowledge-spread,AO*,7,33600,36770,4,10,0.101,0.240,solved
public-a3-b3-u2-depot-ck,public,3,3,2,,depot,ck,21,2,2,30,knowledge-spread,AO*,3,86,111,2,4,0.026,0.003,solved
public-a3-b3-u2-depot-nested,public,3,3,2,,depot,nested,21,2,2,30,knowledge-spread,AO*,3,86,111,2,4,0.026,0.003,solved
public-a3-b3-u2-spread-ck,public,3,3,2,,spread,ck,21,2,2,30,knowledge-spread,AO*,2,54,79,2,3,0.027,0.003,solved
public-a3-b3-u2-spread-nested,public,3,3,2,,spread,nested,21,2,2,30,knowledge-spread,AO*,2,54,79,2,3,0.027,0.003,solved
public-a3-b4-u2-depot-ck,public,3,4,2,,depot,ck,32,2,2,42,knowledge-spread,AO*,4,365,392,2,5,0.043,0.005,solved
public-a3-b4-u2-depot-nested,public,3,4,2,,depot,nested,32,2,2,42,knowledge-spread,AO*,4,365,392,2,5,0.048,0.005,solved
public-a3-b4-u2-spread-ck,public,3,4,2,,spread,ck,32,2,2,42,knowledge-spread,AO*,2,77,98,2,3,0.044,0.003,solved
public-a3-b4-u2-spread-nested,public,3,4,2,,spread,nested,32,2,2,42,knowledge-spread,AO*,2,77,98,2,3,0.040,0.003,solved
public-a3-b4-u3-depot-ck,public,3,4,3,,depot,ck,32,3,3,42,knowledge-spread,AO*,5,3324,3977,3,7,0.050,0.026,solved
public-a3-b4-u3-depot-nested,public,3,4,3,,depot,nested,32,3,3,42,knowledge-spread,AO*,5,3324,3977,3,7,0.051,0.024,solved
public-a3-b4-u3-spread-ck,public,3,4,3,,spread,ck,32,3,3,42,knowledge-spread,AO*,4,3392,4335,3,6,0.058,0.027,solved
public-a3-b4-u3-spread-nested,public,3,4,3,,spread,nested,32,3,3,42,knowledge-spread,AO*,4,3392,4335,3,6,0.057,0.027,solved
public-a3-b5-u2-depot-ck,public,3,5,2,,depot,ck,45,2,2,54,knowledge-spread,AO*,5,1958,1989,2,6,0.130,0.020,solved
public-a3-b5-u2-depot-nested,public,3,5,2,,depot,nested,45,2,2,54,knowledge-spread,AO*,5,1958,1989,2,6,0.130,0.014,solved
public-a3-b5-u2-spread-ck,public,3,5,2,,spread,ck,45,2,2,54,knowledge-spread,AO*,3,405,431,2,4,0.129,0.006,solved
public-a3-b5-u2-spread-nested,public,3,5,2,,spread,nested,45,2,2,54,knowledge-spread,AO*,3,405,431,2,4,0.110,0.005,solved
public-a3-b5-u3-depot-ck,public,3,5,3,,depot,ck,45,3,3,54,knowledge-spread,AO*,6,12238,13037,3,8,0.174,0.086,solved
public-a3-b5-u3-depot-nested,public,3,5,3,,depot,nested,45,3,3,54,knowledge-spread,AO*,6,12238,13037,3,8,0.187,0.079,solved
public-a3-b5-u3-spread-ck,public,3,5,3,,spread,ck,45,3,3,54,knowledge-spread,AO*,4,4081,4607,3,6,0.190,0.032,solved
public-a3-b5-u3-spread-nested,public,3,5,3,,spread,nested,45,3,3,54,knowledge-spread,AO*,4,4081,4607,3,6,0.191,0.030,solved
public-a3-b6-u4-depot-ck,public,3,6,4,,depot,ck,60,4,4,66,knowledge-spread,AO*,8,399310,429195,4,11,2.406,3.661,solved
public-a3-b6-u4-depot-nested,public,3,6,4,,depot,nested,60,4,4,66,knowledge-spread,AO*,8,399310,429195,4,11,3.673,3.228,solved
public-a3-b6-u4-spread-ck,public,3,6,4,,spread,ck,60,4,4,66,knowledge-spread,AO*,6,167009,181867,4,9,2.392,1.522,solved
public-a3-b6-u4-spread-nested,public,3,6,4,,spread,nested,60,4,4,66,knowledge-spread,AO*,6,167009,181867,4,9,2.535,1.292,solved
public-a4-b3-u2-depot-ck,public,4,3,2,,depot,ck,24,2,2,40,knowledge-spread,AO*,3,136,171,2,4,0.040,0.004,solved
public-a4-b3-u2-depot-nested,public,4,3,2,,depot,nested,24,2,2,40,knowledge-spread,AO*,3,136,171,2,4,0.038,0.004,solved
public-a4-b3-u2-spread-ck,public,4,3,2,,spread,ck,24,2,2,40,knowledge-spread,AO*,2,77,110,2,3,0.036,0.003,solved
public-a4-b3-u2-spread-nested,public,4,3,2,,spread,nested,24,2,2,40,knowledge-spread,AO*,2,77,110,2,3,0.037,0.003,solved
public-a4-b4-u2-depot-ck,public,4,4,2,,depot,ck,36,2,2,56,knowledge-spread,AO*,4,755,793,2,5,0.126,0.008,solved
public-a4-b4-u2-depot-nested,public,4,4,2,,depot,nested,36,2,2,56,knowledge-spread,AO*,4,755,793,2,5,0.113,0.007,solved
public-a4-b4-u2-spread-ck,public,4,4,2,,spread,ck,36,2,2,56,knowledge-spread,AO*,2,105,142,2,3,0.122,0.005,solved
public-a4-b4-u2-spread-nested,public,4,4,2,,spread,nested,36,2,2,56,knowledge-spread,AO*,2,105,142,2,3,0.108,0.004,solved
public-a4-b4-u3-depot-ck,public,4,4,3,,depot,ck,36,3,3,56,knowledge-spread,AO*,5,9195,10774,3,7,0.185,0.080,solved
public-a4-b4-u3-depot-nested,public,4,4,3,,depot,nested,36,3,3,56,knowledge-spread,AO*,5,9195,10774,3,7,0.182,0.066,solved
public-a4-b4-u3-spread-ck,public,4,4,3,,spread,ck,36,3,3,56,knowledge-spread,AO*,4,8165,10978,3,6,0.186,0.080,solved
public-a4-b4-u3-spread-nested,public,4,4,3,,spread,nested,36,3,3,56,knowledge-spread,AO*,4,8165,10978,3,6,0.193,0.064,solved
public-a4-b5-u2-depot-ck,public,4,5,2,,depot,ck,50,2,2,72,knowledge-spread,AO*,5,5438,5482,2,6,1.176,0.041,solved
public-a4-b5-u2-depot-nested,public,4,5,2,,depot,nested,50,2,2,72,knowledge-spread,AO*,5,5438,5482,2,6,1.257,0.032,solved
public-a4-b5-u2-spread-ck,public,4,5,2,,spread,ck,50,2,2,72,knowledge-spread,AO*,2,137,167,2,3,1.324,0.005,solved
public-a4-b5-u2-spread-nested,public,4,5,2,,spread,nested,50,2,2,72,knowledge-spread,AO*,2,137,167,2,3,1.346,0.005,solved
public-a4-b5-u3-depot-ck,public,4,5,3,,depot,ck,50,3,3,72,knowledge-spread,AO*,6,43585,45496,3,8,2.531,0.338,solved
public-a4-b5-u3-depot-nested,public,4,5,3,,depot,nested,50,3,3,72,knowledge-spread,AO*,6,43585,45496,3,8,2.679,0.341,solved
public-a4-b5-u3-spread-ck,public,4,5,3,,spread,ck,50,3,3,72,knowledge-spread,AO*,4,12570,15105,3,6,2.587,0.116,solved
public-a4-b5-u3-spread-nested,public,4,5,3,,spread,nested,50,3,3,72,knowledge-spread,AO*,4,12570,15105,3,6,2.531,0.102,solved
public-a4-b6-u4-depot-ck,public,4,6,4,,depot,ck,66,4,4,88,knowledge-spread,AO*,8,2409502,2551547,4,11,80.699,26.204,solved
public-a4-b6-u4-depot-nested,public,4,6,4,,depot,nested,66,4,4,88,knowledge-spread,AO*,8,2409502,2551547,4,11,80.351,21.934,solved
public-a4-b6-u4-spread-ck,public,4,6,4,,spread,ck,66,4,4,88,knowledge-spread,AO*,6,1104747,1229597,4,9,76.152,12.025,solved
public-a4-b6-u4-spread-nested,public,4,6,4,,spread,nested,66,4,4,88,knowledge-spread,AO*,6,1104747,1229597,4,9,76.600,10.305,solved
radio-a2-b3-u2-depot-ck,radio,2,3,2,,depot,ck,18,2,2,20,knowledge-spread,AO*,3,48,63,2,4,0.025,0.003,solved
radio-a2-b3-u2-depot-nested,radio,2,3,2,,depot,nested,18,2,2,20,knowledge-spread,AO*,3,48,63,2,4,0.024,0.003,solved
radio-a2-b3-u2-spread-ck,radio,2,3,2,,spread,ck,18,2,2,20,knowledge-spread,AO*,2,35,47,2,3,0.024,0.003,solved
radio-a2-b3-u2-spread-nested,radio,2,3,2,,spread,nested,18,2,2,20,knowledge-spread,AO*,2,35,47,2,3,0.024,0.003,solved
radio-a2-b4-u2-depot-ck,radio,2,4,2,,depot,ck,28,2,2,28,knowledge-spread,AO*,5,529,573,2,6,0.031,0.005,solved
radio-a2-b4-u2-depot-nested,radio,2,4,2,,depot,nested,28,2,2,28,knowledge-spread,AO*,5,529,573,2,6,0.031,0.005,solved
radio-a2-b4-u2-spread-ck,radio,2,4,2,,spread,ck,28,2,2,28,knowledge-spread,AO*,4,200,229,2,5,0.032,0.004,solved
radio-a2-b4-u2-spread-nested,radio,2,4,2,,spread,nested,28,2,2,28,knowledge-spread,AO*,4,200,229,2,5,0.033,0.004,solved
radio-a2-b4-u3-depot-ck,radio,2,4,3,,depot,ck,28,3,3,28,knowledge-spread,AO*,6,2263,2652,3,9,0.032,0.015,solved
radio-a2-b4-u3-depot-nested,radio,2,4,3,,depot,nested,28,3,3,28,knowledge-spread,AO*,6,2263,2652,3,9,0.034,0.014,solved
radio-a2-b4-u3-spread-ck,radio,2,4,3,,spread,ck,28,3,3,28,knowledge-spread,AO*,5,1216,1476,3,7,0.035,0.010,solved
radio-a2-b4-u3-spread-nested,radio,2,4,3,,spread,nested,28,3,3,28,knowledge-spread,AO*,5,1216,1476,3,7,0.036,0.009,solved
radio-a2-b5-u2-depot-ck,radio,2,5,2,,depot,ck,40,2,2,36,knowledge-spread,AO*,7,6654,6901,2,8,0.050,0.034,solved
radio-a2-b5-u2-depot-nested,radio,2,5,2,,depot,nested,40,2,2,36,knowledge-spread,AO*,7,6654,6901,2,8,0.044,0.033,solved
radio-a2-b5-u2-spread-ck,radio,2,5,2,,spread,ck,40,2,2,36,knowledge-spread,AO*,6,2801,2918,2,7,0.046,0.016,solved
radio-a2-b5-u2-spread-nested,radio,2,5,2,,spread,nested,40,2,2,36,knowledge-spread,AO*,6,2801,2918,2,7,0.045,0.016,solved
radio-a2-b5-u3-depot-ck,radio,2,5,3,,depot,ck,40,3,3,36,knowledge-spread,AO*,8,26561,29226,3,11,0.056,0.172,solved
radio-a2-b5-u3-depot-nested,radio,2,5,3,,depot,nested,40,3,3,36,knowledge-spread,AO*,8,26561,29226,3,11,0.051,0.140,solved
radio-a2-b5-u3-spread-ck,radio,2,5,3,,spread,ck,40,3,3,36,knowledge-spread,AO*,7,11274,12459,3,10,0.050,0.078,solved
radio-a2-b5-u3-spread-nested,radio,2,5,3,,spread,nested,40,3,3,36,knowledge-spread,AO*,7,11274,12459,3,10,0.048,0.062,solved
radio-a2-b6-u4-depot-ck,radio,2,6,4,,depot,ck,54,4,4,44,knowledge-spread,AO*,11,1464189,1608943,4,17,0.121,11.651,solved
radio-a2-b6-u4-depot-nested,radio,2,6,4,,depot,nested,54,4,4,44,knowledge-spread,AO*,11,1464189,1608943,4,17,0.130,10.747,solved
radio-a2-b6-u4-spread-ck,radio,2,6,4,,spread,ck,54,4,4,44,knowledge-spread,AO*,10,626775,688885,4,16,0.107,4.978,solved
radio-a2-b6-u4-spread-nested,radio,2,6,4,,spread,nested,54,4,4,44,knowledge-spread,AO*,10,626775,688885,4,16,0.117,4.489,solved
radio-a3-b3-u2-depot-ck,radio,3,3,2,,depot,ck,21,2,2,30,knowledge-spread,AO*,3,86,111,2,4,0.039,0.003,solved
radio-a3-b3-u2-depot-nested,radio,3,3,2,,depot,nested,21,2,2,30,knowledge-spread,AO*,3,86,111,2,4,0.036,0.003,solved
radio-a3-b3-u2-spread-ck,radio,3,3,2,,spread,ck,21,2,2,30,knowledge-spread,AO*,2,54,79,2,3,0.036,0.003,solved
radio-a3-b3-u2-spread-nested,radio,3,3,2,,spread,nested,21,2,2,30,knowledge-spread,AO*,2,54,79,2,3,0.036,0.003,solved
radio-a3-b4-u2-depot-ck,radio,3,4,2,,depot,ck,32,2,2,42,knowledge-spread,AO*,5,2105,2209,2,7,0.060,0.016,solved
radio-a3-b4-u2-depot-nested,radio,3,4,2,,depot,nested,32,2,2,42,knowledge-spread,AO*,5,2009,2096,2,6,0.058,0.013,solved
radio-a3-b4-u2-spread-ck,radio,3,4,2,,spread,ck,32,2,2,42,knowledge-spread,AO*,3,158,197,2,4,0.062,0.005,solved
radio-a3-b4-u2-spread-nested,radio,3,4,2,,spread,nested,32,2,2,42,knowledge-spread,AO*,3,158,197,2,4,0.056,0.004,solved
radio-a3-b4-u3-depot-ck,radio,3,4,3,,depot,ck,32,3,3,42,knowledge-spread,AO*,6,12822,14724,3,9,0.067,0.093,solved
radio-a3-b4-u3-depot-nested,radio,3,4,3,,depot,nested,32,3,3,42,knowledge-spread,AO*,6,12796,14731,3,9,0.067,0.087,solved
radio-a3-b4-u3-spread-ck,radio,3,4,3,,spread,ck,32,3,3,42,knowledge-spread,AO*,4,3884,4741,3,7,0.065,0.031,solved
radio-a3-b4-u3-spread-nested,radio,3,4,3,,spread,nested,32,3,3,42,knowledge-spread,AO*,4,3840,4726,3,7,0.067,0.026,solved
radio-a3-b5-u2-depot-ck,radio,3,5,2,,depot,ck,45,2,2,54,knowledge-spread,AO*,7,60215,61189,2,10,0.132,0.364,solved
radio-a3-b5-u2-depot-nested,radio,3,5,2,,depot,nested,45,2,2,54,knowledge-spread,AO*,7,59440,60342,2,8,0.135,0.306,solved
radio-a3-b5-u2-spread-ck,radio,3,5,2,,spread,ck,45,2,2,54,knowledge-spread,AO*,5,6977,7275,2,7,0.143,0.045,solved
radio-a3-b5-u2-spread-nested,radio,3,5,2,,spread,nested,45,2,2,54,knowledge-spread,AO*,5,4488,4682,2,6,0.143,0.025,solved
radio-a3-b5-u3-depot-ck,radio,3,5,3,,depot,ck,45,3,3,54,knowledge-spread,AO*,8,349258,377366,3,13,0.222,2.550,solved
radio-a3-b5-u3-depot-nested,radio,3,5,3,,depot,nested,45,3,3,54,knowledge-spread,AO*,8,344391,371246,3,11,0.197,2.158,solved
radio-a3-b5-u3-spread-ck,radio,3,5,3,,spread,ck,45,3,3,54,knowledge-spread,AO*,6,47020,51855,3,9,0.225,0.382,solved
radio-a3-b5-u3-spread-nested,radio,3,5,3,,spread,nested,45,3,3,54,knowledge-spread,AO*,6,31350,34617,3,8,0.210,0.199,solved
radio-a3-b6-u4-depot-ck,radio,3,6,4,,depot,ck,,,,,,,,,,,,2.376,60.035,plan-timeout
radio-a3-b6-u4-depot-nested,radio,3,6,4,,depot,nested,,,,,,,,,,,,2.325,60.045,plan-timeout
radio-a3-b6-u4-spread-ck,radio,3,6,4,,spread,ck,,,,,,,,,,,,2.326,60.050,plan-timeout
radio-a3-b6-u4-spread-nested,radio,3,6,4,,spread,nested,,,,,,,,,,,,2.637,60.001,plan-timeout
radio-a4-b3-u2-depot-ck,radio,4,3,2,,depot,ck,24,2,2,40,knowledge-spread,AO*,3,136,171,2,4,0.069,0.006,solved
radio-a4-b3-u2-depot-nested,radio,4,3,2,,depot,nested,24,2,2,40,knowledge-spread,AO*,3,136,171,2,4,0.073,0.006,solved
radio-a4-b3-u2-spread-ck,radio,4,3,2,,spread,ck,24,2,2,40,knowledge-spread,AO*,2,77,110,2,3,0.067,0.005,solved
radio-a4-b3-u2-spread-nested,radio,4,3,2,,spread,nested,24,2,2,40,knowledge-spread,AO*,2,77,110,2,3,0.067,0.008,solved
radio-a4-b4-u2-depot-ck,radio,4,4,2,,depot,ck,36,2,2,56,knowledge-spread,AO*,5,5774,5947,2,7,0.182,0.050,solved
radio-a4-b4-u2-depot-nested,radio,4,4,2,,depot,nested,36,2,2,56,knowledge-spread,AO*,5,5521,5663,2,6,0.208,0.049,solved
radio-a4-b4-u2-spread-ck,radio,4,4,2,,spread,ck,36,2,2,56,knowledge-spread,AO*,3,227,295,2,4,0.189,0.007,solved
radio-a4-b4-u2-spread-nested,radio,4,4,2,,spread,nested,36,2,2,56,knowledge-spread,AO*,3,227,295,2,4,0.195,0.009,solved
radio-a4-b4-u3-depot-ck,radio,4,4,3,,depot,ck,36,3,3,56,knowledge-spread,AO*,6,45516,51593,3,9,0.303,0.534,solved
radio-a4-b4-u3-depot-nested,radio,4,4,3,,depot,nested,36,3,3,56,knowledge-spread,AO*,6,45451,51608,3,9,0.294,0.384,solved
radio-a4-b4-u3-spread-ck,radio,4,4,3,,spread,ck,36,3,3,56,knowledge-spread,AO*,5,18728,22825,3,8,0.302,0.218,solved
radio-a4-b4-u3-spread-nested,radio,4,4,3,,spread,nested,36,3,3,56,knowledge-spread,AO*,4,9209,11374,3,7,0.279,0.084,solved
radio-a4-b5-u2-depot-ck,radio,4,5,2,,depot,ck,50,2,2,72,knowledge-spread,AO*,7,289698,292114,2,10,1.467,2.180,solved
radio-a4-b5-u2-depot-nested,radio,4,5,2,,depot,nested,50,2,2,72,knowledge-spread,AO*,7,287102,289331,2,8,1.351,1.704,solved
radio-a4-b5-u2-spread-ck,radio,4,5,2,,spread,ck,50,2,2,72,knowledge-spread,AO*,4,3058,3319,2,6,1.552,0.036,solved
radio-a4-b5-u2-spread-nested,radio,4,5,2,,spread,nested,50,2,2,72,knowledge-spread,AO*,4,1635,1798,2,5,1.508,0.015,solved
radio-a4-b5-u3-depot-ck,radio,4,5,3,,depot,ck,50,3,3,72,knowledge-spread,AO*,8,2166161,2301817,3,13,2.527,18.392,solved
radio-a4-b5-u3-depot-nested,radio,4,5,3,,depot,nested,50,3,3,72,knowledge-spread,AO*,8,2144172,2273890,3,11,2.493,14.813,solved
radio-a4-b5-u3-spread-ck,radio,4,5,3,,spread,ck,50,3,3,72,knowledge-spread,AO*,5,30011,34216,3,8,2.538,0.274,solved
radio-a4-b5-u3-spread-nested,radio,4,5,3,,spread,nested,50,3,3,72,knowledge-spread,AO*,5,29439,33880,3,8,2.637,0.203,solved
radio-a4-b6-u4-depot-ck,radio,4,6,4,,depot,ck,,,,,,,,,,,,78.627,60.037,plan-timeout
radio-a4-b6-u4-depot-nested,radio,4,6,4,,depot,nested,,,,,,,,,,,,74.808,60.042,plan-timeout
radio-a4-b6-u4-spread-ck,radio,4,6,4,,spread,ck,,,,,,,,,,,,71.300,60.048,plan-timeout
radio-a4-b6-u4-spread-nested,radio,4,6,4,,spread,nested,,,,,,,,,,,,70.404,60.050,plan-timeout
